Type,Name,Latitude,Longitude
Supermarkets,MENY Hjallesevej,55.3806611,10.3963852
Supermarkets,,54.9147839,11.22135
Supermarkets,Kvickly,55.7499159,12.1069981
Supermarkets,365discount,56.1682064,10.1618206
Supermarkets,SuperBrugsen,56.1578239,10.1986826
Supermarkets,Netto,55.655972,12.4854155
Supermarkets,Føtex,55.6268313,12.483717
Supermarkets,Rema 1000,55.7148679,10.0119542
Supermarkets,SuperBrugsen Købenavn SV,55.6479992,12.526752
Supermarkets,Spar Blåvand,55.5544358,8.1251044
Supermarkets,Brugsen,55.6724767,12.5553973
Supermarkets,365 discount,55.6482365,12.5274664
Supermarkets,Bilka Ishøj,55.6143437,12.3537267
Supermarkets,Bilka Waves - Hundige,55.5987845,12.3263466
Supermarkets,Spar Vejby,56.081624,12.1296204
Supermarkets,Dagli'Brugsen,55.7973597,12.5143431
Supermarkets,SuperBrugsen Finsensvej,55.681402,12.5190172
Supermarkets,Meny,55.6941316,12.5318403
Supermarkets,Fanø Brugsforening,55.3484384,8.4695845
Supermarkets,Min Købmand,54.9259061,9.9703863
Supermarkets,Spar,55.739804,8.1789307
Supermarkets,Bilka,56.3773594,8.6216894
Supermarkets,SuperBrugsen Ålekistevej,55.6824901,12.483659
Supermarkets,MENY Lyngby,55.7686975,12.5055762
Supermarkets,SuperBrugsen Bramdrup,55.5220797,9.4793167
Supermarkets,SPAR,55.7676307,10.0115065
Supermarkets,Løvbjerg,55.4764842,9.1392985
Supermarkets,Meny Østerfælled Torv,55.7059237,12.576137
Supermarkets,Rema 1000 Løvbakken Nørresundby,57.0717515,9.9264574
Supermarkets,Meny Måløv,55.748974,12.3193199
Supermarkets,MENY Otterup,55.5134487,10.3997534
Supermarkets,Netto Gentofte,55.7473621,12.5412404
Supermarkets,Brugsen Rømø,55.0876963,8.5608059
Supermarkets,Føtex Food,56.1468196,10.2039814
Supermarkets,Meny Rønde,56.30054,10.4757287
Supermarkets,Let-Køb,56.2296325,10.6114223
Supermarkets,SuperBrugsen Kridthøj Torv,56.1173163,10.1947348
Supermarkets,MENY Bagsværd,55.7605211,12.4555578
Supermarkets,365discount Bagsværd Torv,55.7600747,12.4544911
Supermarkets,MENY Jægersborg Allé 4,55.7533013,12.5730604
Supermarkets,Coop 365 Discount,55.8635892,9.8451349
Supermarkets,Dagli'Brugsen Valby Vigerslevvej,55.661775,12.4833944
Supermarkets,Rema 1000 Valby,55.6673085,12.5166671
Supermarkets,Coop 365 discount Holte Midtpunkt,55.8109577,12.4717053
Supermarkets,MENY Nærum,55.8142607,12.5300574
Supermarkets,Døgn Netto,55.6693343,12.540283
Supermarkets,MENY Kastrup,55.603376,12.5859532
Supermarkets,Meny Solrødcenter,55.5336693,12.2170419
Supermarkets,SuperBrugsen Solrød Center,55.5337422,12.2161836
Supermarkets,Føtex Fisketorvet,55.6616576,12.5599029
Supermarkets,Coop 365,55.6723222,12.5447664
Supermarkets,SuperBrugsen Christianshavn,55.6719051,12.5912305
Supermarkets,Købmand Brabrand,56.150287,10.0909521
Supermarkets,Super Brugsen,56.2645093,10.0619478
Supermarkets,Dagli'Brugsen Herskind,56.1839318,9.9631374
Supermarkets,REMA 1000,55.8335279,12.5258944
Supermarkets,Meny Allerød,55.8665832,12.3325984
Supermarkets,SuperBrugsen Roskilde,55.6406941,12.0891768
Supermarkets,Netto Sadolinparken,55.6651131,12.6097924
Supermarkets,Rema 1000 Amagerbrogade,55.6405072,12.6174491
Supermarkets,MENY Amager,55.6686776,12.6075277
Supermarkets,"Rema 1000 Haderslev, Sejlstensgyde",55.2484253,9.4938122
Supermarkets,SuperBrugsen Dianalund,55.52667,11.4967281
Supermarkets,Meny Værløse Bymidte,55.7842387,12.3738595
Supermarkets,Skiveren Super,57.6160685,10.2794043
Supermarkets,Netto Greve Center,55.5818686,12.2951336
Supermarkets,SuperBrugsen Glesborg,56.4786837,10.725448
Supermarkets,Inco,55.6668998,12.5599965
Supermarkets,"Rema 1000 Risskov, Smedegade",56.1957945,10.2165946
Supermarkets,Meny Haslev,55.3289431,11.9610815
Supermarkets,SuperBrugsen Asnæs Centret,55.8116735,11.5015364
Supermarkets,Dagli'Brugsen Mejdal,56.3472545,8.6463098
Supermarkets,Netto Lollands Centret,54.774395,11.5060845
Supermarkets,SuperBrugsen Maribo,54.7761002,11.4926551
Supermarkets,Min Købmand Møldrup,56.6158638,9.5012513
Supermarkets,Meny Svogerslev,55.6333957,12.0162396
Supermarkets,Rema 1000 Frederiksgade,56.1535184,10.202579
Supermarkets,Meny Naksov,54.8290196,11.1372832
Supermarkets,SuperBrugsen Trekroner,55.6485979,12.131603
Supermarkets,SuperBrugsen Ringe,55.2374881,10.4802484
Supermarkets,Hedebo super,57.3551863,10.5112766
Supermarkets,SuperBrugsen Skagen,57.7229127,10.5908408
Supermarkets,Min Købmand Jerlev,55.6728233,9.4360009
Supermarkets,Kooperativet,56.2848025,10.5848787
Supermarkets,Meny Saltum,57.272935,9.6974561
Supermarkets,Meny Fjerritslev,57.0871793,9.2670655
Supermarkets,Gudme Købmandsbutik,55.1532405,10.7045305
Supermarkets,SuperBrugsen Humlebæk,55.9639522,12.530991
Supermarkets,Rema 1000 Jyllingvej,55.6916158,12.4821596
Supermarkets,Basalt,55.6657373,12.3910356
Supermarkets,Den Vietnamesiske Købmand,55.6611129,12.6069427
Supermarkets,Brugsen Østerbrogade 52,55.6972519,12.5796061
Supermarkets,Rema 1000 Fløng,55.6600681,12.1834632
Supermarkets,MENY Espergærde,55.9947305,12.5460476
Supermarkets,365 Discount Espergærde Center,55.9953755,12.5464097
Supermarkets,Meny Kennedy Arkaden,57.0421439,9.9192602
Supermarkets,Lidl Risskov,56.2016084,10.2449033
Supermarkets,365discount Jægerspris,55.8550445,11.984912
Supermarkets,MinKøbmand,55.4357479,8.7195967
Supermarkets,Dagli Brugsen Herman Bangs Plads,55.667322,12.503252
Supermarkets,365discount Roskilde Skomagergade,55.6406868,12.0771952
Supermarkets,SuperBrugsen Erslev,56.8365843,8.7171062
Supermarkets,Rema 1000 Farsø,56.772186,9.3430195
Supermarkets,Rema 1000 Holstebro Døesvej,56.3649516,8.6087526
Supermarkets,Rema 1000 Kjellerup,56.2876573,9.4291635
Supermarkets,Rema 1000 Vesterport,55.6753798,12.5633231
Supermarkets,Rema 1000 Nørresundby,57.0595199,9.9192713
Supermarkets,Rema 1000 Ølby Centret,55.4784689,12.174851
Supermarkets,DagliBrugsen Brydes Allé,55.6583835,12.5972507
Supermarkets,Netto Nykøbing Sjælland,55.9231491,11.667586
Supermarkets,SuperBrugsen Vamdrup,55.4273917,9.2841983
Supermarkets,Købmand Nord,56.1774571,10.1785626
Supermarkets,Netto Korsørgade,55.7073925,12.5803833
Supermarkets,Salling,56.1541716,10.2070626
Supermarkets,MENY Karlslunde,55.5668931,12.2690246
Supermarkets,Bazar Slagelse,55.4056052,11.3531251
Supermarkets,Dige Lavpris,56.7023898,8.6950241
Supermarkets,Istanbul Bazar,55.7026557,12.533153
Supermarkets,MENY Rugårdsvej,55.4123775,10.3276723
Supermarkets,Meny Søborg,55.7364276,12.5109259
Supermarkets,SuperBrugsen Bullerup,55.4280848,10.4764163
Supermarkets,Meny Rungsted,55.8832718,12.5286741
Supermarkets,Meny Frederikssund,55.8381612,12.0569185
Supermarkets,Meny Thorsø,56.2974553,9.7908547
Supermarkets,Letkøb Serritslev,57.3137361,9.9752258
Supermarkets,Hauge Minimarked,56.2583952,9.3734788
Supermarkets,LetKøb,56.1408206,10.181606
Supermarkets,Toreby Købmandshandel,54.755033,11.7823952
Supermarkets,Vestegnens Bazar,55.6216452,12.4224497
Supermarkets,Spar Karrebæksminde,55.1780618,11.645962
Supermarkets,LIDL Dyssegård,55.7388581,12.5223325
Supermarkets,SuperBrugsen Svenstrup J,56.9731981,9.8513478
Supermarkets,Meny Skørping,56.8356238,9.8897193
Supermarkets,Irma Østerport Station,55.6920856,12.5882721
Supermarkets,SuperBrugsen Ullerød,55.9397799,12.2755275
Supermarkets,SuperBrugsen Herstedvester,55.6702909,12.3388195
Supermarkets,SuperBrugsen Smørumnedre,55.7327803,12.3057925
Supermarkets,MENY Skibby,55.7521166,11.9590751
Supermarkets,Føtex Nørresundby Butikscenter,57.0598224,9.9180331
Supermarkets,Coop365 Sønderport,57.05794,9.924448
Supermarkets,365discount Tagensvej,55.701389,12.551461
Supermarkets,Føtex Frederiksberg Centeret,55.6818426,12.5323765
Supermarkets,365discount Skjern,55.9465583,8.4939154
Supermarkets,Elite Købmand,55.762532,12.5244089
Supermarkets,Supermarco,55.655436,12.5468164
Supermarkets,Wefood,55.6552817,12.6103299
Supermarkets,Rema 1000 Vallensbæk,55.624395,12.3887549
Supermarkets,MENY,55.7311376,12.3612446
Supermarkets,Skals Nærkøb,56.555412,9.402731
Supermarkets,ABC Lavpris,56.4742267,10.0116014
Supermarkets,Rema 1000 Nordbyen,54.807514,11.8721943
Supermarkets,Det Grønne Hjørne,55.059534,10.6103336
Supermarkets,Netto Mosede Center,55.5774286,12.2757268
Supermarkets,Rema 1000 Holbæk Kalundborgvej,55.7121345,11.66383
Supermarkets,SuperBrugsen Godthåbsvej,55.6930747,12.5119916
Supermarkets,Rema 1000 Brøndby Strand,55.6222643,12.4228928
Supermarkets,Meny Næstved,55.2285957,11.7619046
Supermarkets,Super Center,55.7023316,12.5323964
Supermarkets,SuperBrugsen Fensmark,55.2792147,11.8030226
Supermarkets,Meny Hjerting Bycenter,55.526304,8.3581502
Supermarkets,Asien Supermarket,55.7117442,12.5772203
Supermarkets,Rema 1000 Glostrup,55.6659873,12.3794752
Supermarkets,LIDL,55.7190974,12.5535955
Supermarkets,Rågeleje Købmand,56.095884,12.1714072
Supermarkets,Meny Hals,56.9923187,10.3071553
Supermarkets,MinKØBMAND,55.7204124,12.4703419
Supermarkets,Lygten Bazar,55.7028098,12.53736
Supermarkets,Meny Himmelev,55.6580085,12.1060704
Supermarkets,Eurodeli,55.6221192,12.4213949
Supermarkets,Den Belgiske ølbutik,55.6929891,12.4886033
Supermarkets,MENY Hobro,56.6267748,9.8047886
Supermarkets,MENY Bryggervangen,55.7099448,12.5638436
Supermarkets,Danske Bank,55.5644245,10.0865769
Supermarkets,Meny Holbæk,55.7145789,11.7155188
Supermarkets,Coop365,55.2159087,11.7572889
Supermarkets,"Lidl Valby, Søndre Fasanvej",55.6678027,12.5166951
Supermarkets,Alfa Plus,55.3932075,10.4233019
Supermarkets,Meny Risskov Brynet,56.1871168,10.2145416
Supermarkets,Meny Aalborg Østerhavn,57.0474146,9.9385291
Supermarkets,Lidl Fisketorvet,55.6615617,12.5620452
Supermarkets,Rema 1000 Brønshøj,55.7091153,12.4825149
Supermarkets,MENY Støvring,56.8916038,9.8378501
Supermarkets,Lidl Nordhavn,55.7073855,12.5973111
Supermarkets,LiDL,56.1664073,9.552152
Supermarkets,EuroDeli Aarhus,56.1753071,10.1133595
Supermarkets,Spar Kaas,57.1959671,9.674781
Supermarkets,SuperBrugsen Nærheden,55.6444498,12.2039923
Supermarkets,Mango Bazar Fyn,55.3944344,10.3487397
Supermarkets,Sparkær Købmand,56.4756816,9.2287218
Supermarkets,Skejby specialbutik,56.1943984,10.1950803
Supermarkets,Meny Hjørring Dagligvarer,57.455223,10.0057259
Supermarkets,Lidl Aalborg Tornhøjvej,57.0269764,9.9996403
Supermarkets,REMA 1000 Nørre Alslev,54.898776,11.878371
Supermarkets,Elite købmand,55.691389,12.567139
Supermarkets,Min købmand,55.791079,9.812033
Supermarkets,Kvickly Dagligvarer,55.7679844,12.1954194
Supermarkets,Letkøb Jyderup Statsfængslet,55.655952,11.4055682
Supermarkets,Minicentret,56.0389274,9.9174828
Supermarkets,Spar Ålborg Saltumvej,57.0346494,10.0084276
Supermarkets,Brugsen Øster Farimagsgade,55.691291,12.576331
Supermarkets,Alis Shop,55.718221,12.55756
Supermarkets,Byens Købmand,56.924525,10.019541
Supermarkets,Heidrun Mjød,56.6742345,9.8926906
Supermarkets,Købmand Sommerbyen Højvænge,55.721796,12.33881
Supermarkets,Thai Asia Marked,55.714809,11.714665
Supermarkets,SPAR Grauballe,56.226764,9.629483
Supermarkets,Thaimarket,55.679543,11.09403
Supermarkets,Torvekøbmanden,57.0632173,9.3708039
Supermarkets,Gundersted Købmandsgaard,56.904562,9.485247
Supermarkets,RH Minimarked,55.6532044,12.602208
Supermarkets,Agger Købmandshandel,56.781354,8.234652
Supermarkets,Hovslund Købmandsgård,55.1342125,9.3338338
Supermarkets,Vejers Strand Købmand,55.6199701,8.11927
Supermarkets,Letkøb,55.264317,11.5186601
Supermarkets,Skagen Sydstrand Købmand,57.6442745,10.4623073
Supermarkets,Købmandens Køkken,55.4390861,11.7969113
Supermarkets,Errindlev Købmandshandel,54.6684197,11.4977459
Supermarkets,Købmanden Lupintorvet,54.669224,11.9563616
Supermarkets,Thaishop,55.230345,11.762903
Supermarkets,Coma Horreby,54.8043979,11.9943454
Supermarkets,Coop Kvickly Vordingborg Bagerafdeling,55.0121112,11.913342
Supermarkets,SPAR Brønderslev,57.2487368,9.9971261
Supermarkets,Statsfængslet Nyborg Købmanden,55.3111169,10.7770657
Supermarkets,Købmanden i Ørsted,55.328919,10.059481
Supermarkets,REMA 1000 Vemmedrup,55.4664348,12.0688712
Supermarkets,Kvickly Bager,55.4569807,12.1779849
Supermarkets,Min Købmand Dagligvarer,55.625857,12.1359692
Supermarkets,Min Købmand Stige,55.4368781,10.4108983
Supermarkets,Spar Vollsmose Torv,55.4067431,10.44073
Supermarkets,Jasmin Plus,55.4068998,10.4410746
Supermarkets,Lærkeparkens Købmand,55.403358,10.43417
Supermarkets,Min Købmand Ishøj,55.610129,12.348907
Supermarkets,Kramnitze Købmand,54.704947,11.2580792
Supermarkets,Æblehaven Købmand,55.631139,12.06156
Supermarkets,Otto-man Dagligvarer,55.612387,12.360966
Supermarkets,Roskilde Bazar,55.6376938,12.0841037
Supermarkets,IFKL,55.6248517,12.6258543
Supermarkets,Fløng Købmanden,55.6546106,12.1893214
Supermarkets,Oriental Food Dagligvarer,55.6512631,12.3030108
Supermarkets,Kvickly Taastrup Bager,55.6517299,12.3016646
Supermarkets,Kvickly Albertslund Bager,55.6565421,12.3527063
Supermarkets,Kvickly Frugt & Grønt,55.7500747,12.107198
Supermarkets,Lahore,55.6621595,12.338492
Supermarkets,Røsnæs Brugs,55.7332784,10.9583276
Supermarkets,Ottpman,55.6633645,12.4585646
Supermarkets,Royal Bazaar,55.7272976,12.3432751
Supermarkets,Dagli'Brugsen Delikatesse,55.7369094,12.1488646
Supermarkets,Magasin Mad & Vin Dagligvarer,55.6790454,12.5845513
Supermarkets,SPAR Birkerød,55.8476935,12.4388386
Supermarkets,Satnam Købmanden,55.853495,12.1723191
Supermarkets,Kildebakkens Købmand,55.7443094,12.5076272
Supermarkets,Min Købmand Daugård,55.7331193,9.7033072
Supermarkets,Safran,55.7196037,12.443137
Supermarkets,Asian Cash and Carry,55.7125101,12.4706777
Supermarkets,365discount Nærum,55.8147789,12.5303225
Supermarkets,Min Købmand Stauning,55.9635372,8.3729573
Supermarkets,Købmanden,55.9044805,9.7115973
Supermarkets,KWIK SPAR Gilleleje Købmand,56.1238712,12.3084743
Supermarkets,Minkøbmand Dagligvarer,56.0595947,12.0747056
Supermarkets,Kroens Købmand,56.0594381,12.0735791
Supermarkets,Spar Suldrup Daglivarer,56.8468566,9.700304
Supermarkets,Let-Køb Kollemorten,55.867593,9.364313
Supermarkets,Min Købmand Voldum,56.3648609,10.1671158
Supermarkets,Spar Karsemose,56.0170682,12.046893
Supermarkets,Rågeleje Købmand Slagter,56.095869,12.1714622
Supermarkets,Bagergårdens Minimarked,55.974486,10.233
Supermarkets,Købmanden i Horserød Fængsel,56.045998,12.4943397
Supermarkets,Vores Købmand Vonge,55.85927,9.421365
Supermarkets,Habesha India Food store,55.6719534,12.467716
Supermarkets,Min Købmand Mellem Hav og Fjord Staby,56.2655232,8.2409099
Supermarkets,Byens Købmand Kjellerup,56.2787,9.434283
Supermarkets,Min Købmand Kragelund,56.1946647,9.4092151
Supermarkets,Købmanden Nr. Felding,56.3155774,8.6055451
Supermarkets,Hjerl Hede Købmandsforretning,56.4846752,8.870768
Supermarkets,Kvickly Odder Café,55.974591,10.1486748
Supermarkets,SuperBrugsen Søtorvet,56.1721841,9.5539414
Supermarkets,Pandasia,56.1471305,9.9340747
Supermarkets,Multibazar Aarhus,56.1731022,10.1351843
Supermarkets,Spar Humlum,56.53983,8.551514
Supermarkets,Min Købmand Nr. Nissum,56.5496876,8.4174316
Supermarkets,Min Købmand Hjerm,56.4381724,8.6318123
Supermarkets,Vika Supermarked,56.476776,10.014471
Supermarkets,Min Købmand Rødding/Tjele,56.5001042,9.5044127
Supermarkets,elenas,56.5951517,8.9596082
Supermarkets,Min Købmand Hem,56.595965,8.959872
Supermarkets,Spar Fårup,56.5451842,9.8561405
Supermarkets,Ørding Købmandsgaard,56.717664,8.76037
Supermarkets,Tang Nielsen Nørager,56.706245,9.630824
Supermarkets,Vils Købmand,56.7641845,8.7274004
Supermarkets,Let-Køb Thise,56.703636,9.126343
Supermarkets,Vester Hornum Købmand,56.835504,9.360367
Supermarkets,Købmanden i Vegger,56.8864221,9.5709686
Supermarkets,Fælledvej købmand,56.7996492,8.8626828
Supermarkets,Spar Arden,56.7697178,9.8588452
Supermarkets,Sener,55.7195724,12.4430954
Supermarkets,SPAR Bælum,56.8314523,10.1118386
Supermarkets,Nærkøb Svenstrup,56.971915,9.8541062
Supermarkets,Spar Gug,57.0154672,9.9314448
Supermarkets,ht superland,57.3851134,10.1151705
Supermarkets,Løkken Klit Camping Købmand,57.3442251,9.7066487
Supermarkets,Langholt Købmand,57.102376,10.085681
Supermarkets,Let køb Hørby,57.3229356,10.3821533
Supermarkets,SPAR Nordens Allé,57.464776,9.96737
Supermarkets,Munchs Købmandshandel,57.5589056,9.9169431
Supermarkets,Min Købmand Flauenskjold,57.249105,10.284403
Supermarkets,Svaneke Købmandshandel,55.1358407,15.1405982
Supermarkets,Stevnsgaarde,55.3115535,12.3895143
Supermarkets,Let køb Marstrup,55.208049,9.44189
Supermarkets,Spar Skagen,57.7275202,10.592291
Supermarkets,Spar Skælskør,55.2560282,11.2760858
Supermarkets,Købmanden i Trustrup,56.3480048,10.7716411
Supermarkets,Spar Nørrebro Hjørring,57.4635417,9.9850557
Supermarkets,SPAR Frederiksberg,55.680145,12.5308991
Supermarkets,Lidl Bjerringbro,56.375449,9.6575359
Supermarkets,Dagli’Brugsen Ørum Djurs,56.4397212,10.6868643
Supermarkets,SuperBrugsen Sunds,56.2047939,9.0154785
Supermarkets,SuperBrugsen Glumsø,55.3528245,11.6922772
Supermarkets,MENY Faxe,55.2566491,12.1207788
Supermarkets,Meny Rønnede,55.2591811,12.0219305
Supermarkets,DagliBrugsen Eskebjerg,55.7129809,11.3010485
Supermarkets,MENY St. Heddinge,55.3095113,12.390494
Supermarkets,Daglibrugsen Brylle,55.322737,10.2485678
Supermarkets,SuperBrugsen Faxe Ladeplads,55.2181092,12.168739
Supermarkets,DagliBrugsen Store Ajstrup,56.9501662,9.5041066
Supermarkets,Brugsen Hornum,56.840667,9.426655
Supermarkets,DagliBrugsen Arden,56.767443,9.981364
Supermarkets,DagliBrugsen,55.846097,9.587925
Supermarkets,Superbrugsen Struer,56.491178,8.5933389
Supermarkets,Meny Vildbjerg,56.1978728,8.7675682
Supermarkets,Daglibrugsen Jystrup,55.5142945,11.8661656
Supermarkets,Super Brugsen Tune,55.5954543,12.1759582
Supermarkets,DagliBrugsen Alslev,55.588305,8.416822
Supermarkets,DagliBrugsen Horne,55.7246524,8.5322077
Supermarkets,DagliBrugsen Fremad,56.330591,8.930038
Supermarkets,DagliBrugsen Gedsted,56.690194,9.33568
Supermarkets,Meny Christiansfeld,55.355795,9.485718
Supermarkets,MENY Silkeborg,56.1804173,9.5492467
Supermarkets,MENY Horsens,55.8596723,9.8663694
Supermarkets,Dagli’Brugsen Løgstrup,56.508003,9.332395
Supermarkets,MENY Viborg Marsk Stigs Vej,56.4436448,9.3902717
Supermarkets,MENY Aabybro Centret,57.1598271,9.7353482
Supermarkets,Dagli’Brugsen Rødkærsbro,56.352332,9.502403
Supermarkets,SuperBrugsen Bjerringbro,56.3759464,9.653769
Supermarkets,DagliBrugsen Hammershøj,56.4991932,9.7489902
Supermarkets,Coop365 Randers Mariagervej,56.4709768,10.0299228
Supermarkets,MENY Køge,55.454018,12.1680914
Supermarkets,DagliBrugsen Mørkøv,55.6489923,11.5032434
Supermarkets,DagliBrugsen Dagligvarer,55.7066351,11.6992649
Supermarkets,Meny Holbæk Brødudsalg,55.7146307,11.7153403
Supermarkets,SuperBrugsen Bjæverskov,55.4609628,12.0352019
Supermarkets,SuperBrugsen Bake-off,54.9896441,9.866041
Supermarkets,Meny Harlev,56.1445128,10.0010716
Supermarkets,SuperBrugsen Brødudsalg/bake off,55.9098956,11.6003341
Supermarkets,DagliBrugsen Raklev,55.7007228,11.0559763
Supermarkets,MENY Skomagergade,55.6407443,12.0787999
Supermarkets,MENY Kirke Hyllinge,55.707994,11.9009829
Supermarkets,Superbrugsen Knarreborg,55.3236959,10.2009853
Supermarkets,MENY Bistrup,55.8272205,12.432425
Supermarkets,SuperBrugsen Ølsemagle,55.4925175,12.1870654
Supermarkets,DagliBrugsen Lellinge,55.4669048,12.1111698
Supermarkets,SuperBrugsen Bjæverskov Bager,55.4609943,12.0351456
Supermarkets,DagliBrugsen Tarm,55.9074558,8.5176724
Supermarkets,DagliBrugsen Smidstrup,55.612501,9.566486
Supermarkets,DagliBrugsen Gjerlev,56.5875804,10.1323883
Supermarkets,DagliBrugsen Assens Mariager,56.6771877,10.0632978
Supermarkets,DagliBrugsen Tylstrup,57.1960021,9.9495434
Supermarkets,MENY Klokkerholm,57.2119737,10.1516253
Supermarkets,MENY Karlslunde Delikatesseafdeling,55.5668346,12.2691157
Supermarkets,Meny Karlslunde Bagerafdelingen,55.5668896,12.2691532
Supermarkets,DagliBrugsen Øster Hurup,56.8041309,10.2713938
Supermarkets,SuperBrugsen Nibe,56.9844984,9.6404065
Supermarkets,DagliBrugsen Ranum,56.8974685,9.2286867
Supermarkets,SuperBrugsen Pandrup,57.2242455,9.6774603
Supermarkets,SuperBrugsen Vrå,57.3531291,9.9412354
Supermarkets,Meny Dagligvarer,57.4449123,10.49701
Supermarkets,DagliBrugsen Torup,55.982697,11.941458
Supermarkets,SuperBrugsen Sakskøbing Delikatesseafdelingen,54.7976116,11.6379248
Supermarkets,SuperBrugsen Korsør,55.3294258,11.1446132
Supermarkets,DagliBrugsen Tømmerup,55.6914973,11.1484283
Supermarkets,DagliBrugsen Biersted,57.1464622,9.806508
Supermarkets,MENY Nykøbing F,54.7828213,11.8664734
Supermarkets,Meny Maribo,54.7759609,11.496202
Supermarkets,Meny Aalborg Østerhavn Slagter,57.0473529,9.9384071
Supermarkets,DagliBrugsen Harridslev,56.5008374,10.1279536
Supermarkets,Dagli’Brugsen Allingåbro,56.4637579,10.3354263
Supermarkets,DagliBrugsen Glejbjerg,55.5547967,8.8231292
Supermarkets,DagliBrugsen Mou,56.9677313,10.2215341
Supermarkets,SuperBrugsen Vester Hassing,57.0662276,10.1298286
Supermarkets,MENY Klarup,57.0130857,10.0456126
Supermarkets,Dagli’Brugsen Voldby,56.4600973,10.8673929
Supermarkets,Dagli’Brugsen Fjellerup,56.5066545,10.588658
Supermarkets,SPAR Teglholmen bagerafdeling,55.649402,12.551683
Supermarkets,MENY Amager Delikatesseafdeling,55.6684961,12.6072789
Supermarkets,Netto Storvolde,57.0003341,10.1018874
Supermarkets,MENY Hundested,55.9648458,11.8510413
Supermarkets,Netto Fredericia Adelvej,55.5376127,9.6251308
Supermarkets,SuperBrugsen Roslev,56.7012964,8.9900182
Supermarkets,SuperBrugsen Farsø Rådhuscenter,56.7719221,9.3429125
Supermarkets,MENY Holstebro,56.3758975,8.5816569
Supermarkets,DagliBrugsen Starup-Tofterup,55.653068,8.8154063
Supermarkets,Coop SuperBrugsen Nørre Alslev fængsel,54.8866437,11.9216654
Supermarkets,SuperBrugsen Vangede,55.7502299,12.5183937
Supermarkets,DagliBrugsen Folehaven,55.6509454,12.5005161
Supermarkets,MENY Nærum Delikatesseafdeling,55.8142319,12.5301675
Supermarkets,Netto Brande,55.9443493,9.1372638
Supermarkets,SuperBrugsen Juelsminde,55.7089295,10.0104315
Supermarkets,Østens Bazar,55.7012426,12.535744
Supermarkets,Meny Illum,55.6793466,12.5807227
Supermarkets,Hjarnø Camping Kiosk,55.8260554,10.0807744
Supermarkets,"Rema 1000 Søborg, Gyngemosen",55.7281629,12.4775076
Supermarkets,Puslehal,56.0919141,8.6335863
Supermarkets,Vaskehal,56.0918659,8.6335893
Supermarkets,KAYs Købmand,55.6306886,12.580561
Supermarkets,Netto 7545,55.480017,8.4929012
Supermarkets,Indkøbslisten I/S,55.375086,10.3571245
Supermarkets,Din lokale døgnbutik,56.4081254,9.011258
Supermarkets,Coop365discount,55.6398352,12.5989964
Supermarkets,Jovan,55.6761999,12.5432531
Supermarkets,Letkøb 24/7,55.6844834,12.5517063
Supermarkets,MENY Skagen,57.7297663,10.549796
Supermarkets,Letkøb Vrensted,57.337575,9.77497
Supermarkets,Løvbjerg Frederikshavn,57.4455841,10.4982629
Supermarkets,Big Bazar,55.648797,12.0907643
Supermarkets,Hoki Købmanden,55.5628596,9.7639082
Supermarkets,Lidl Dragør,55.5949759,12.66129
Supermarkets,Letkøb Hellevad,55.0760795,9.2193568
Supermarkets,Vejlby Klit Købmandshandel,56.5736129,8.138624
Supermarkets,Grejs Købmand,55.7625236,9.5473474
Supermarkets,LETKØB 24/7 Bredal,55.7476861,9.6422845
Supermarkets,Hvidovre Bazar,55.6348585,12.4933427
Supermarkets,Kolding Bazar,55.5037224,9.4736152
Supermarkets,KAYs Madbodega,55.6306797,12.5805973
Supermarkets,Flasker,56.2776695,10.3181265
Supermarkets,KFT Jylland,56.1678782,10.1619213
Supermarkets,ASIATISK KØBMAND,55.6810573,12.5210978
Supermarkets,Ruds Vedby Købmand,55.5412414,11.373925
Supermarkets,Den Bornholmske Købmand,55.6839116,12.5692683
Supermarkets,Dagli’Brugsen,56.4853807,9.9090137
Supermarkets,Vejrumbro Supermarked,56.43988,9.55461
Supermarkets,SuperBrugsen Bake Off,55.3236149,10.200874
Supermarkets,DagliBrugsen Nr Snede fængsel,55.9441379,9.4078979
Supermarkets,Min Købmand Nørhalne,57.1496539,9.8723953
Supermarkets,Lidl Hjørring,57.4744458,9.991522
Supermarkets,Ban Thai Water,56.7952151,8.8602845
Supermarkets,Min Købmand Spodsbjerg,54.9312832,10.8285392
Supermarkets,Rema 1000 Skødstrup,56.2761849,10.3147577
Supermarkets,REMA 1000 Ringkøbing,56.0874268,8.2775438
Supermarkets,"REMA 1000 Vilsund, Thisted",56.8826322,8.6236855
Supermarkets,Dagli Brugsen,54.9412339,10.2601128
Supermarkets,365discount Strandboulevarden,55.706376,12.5867124
Supermarkets,365discount Vejle Vestergade,55.7129093,9.5368278
Supermarkets,Rinkenæs Døgnåben Købmand,54.895634,9.5564017
Supermarkets,365discount Randers Markedsgade,56.4641746,10.0346061
Supermarkets,365discount Kbh. N. Hamletsgade,55.7022142,12.5462154
Supermarkets,365discount Kbh Ø Strandvejen,55.7204725,12.5774947
Supermarkets,365discount Rantzausgade,55.6857578,12.5513539
Supermarkets,Rema 1000 Nykøbing Mors,56.7927385,8.851497
Supermarkets,"Rema 1000 Odense, Odins Brygge",55.4074936,10.384106
Supermarkets,Lidl Østerocentret,55.7113099,12.5772268
Supermarkets,Netto Havnegade Odense,55.4074151,10.3838988
Supermarkets,365discount Lyngbyvej,55.7094574,12.562178
Supermarkets,Netto Toldbodgade Næstved,55.2280605,11.7535894
Supermarkets,"Rema 1000 Holbæk, Borgmester N.E. Hansensvej",55.713652,11.7175466
Supermarkets,Asia Marked B,57.2699232,9.947348
Supermarkets,"REMA 1000 Nykøbing Falster, Østerbrogade",54.7602217,11.8918521
Supermarkets,Min Købmand Kalvehave,54.996179,12.166034
Supermarkets,Netto Fr. Sundsvej 192,55.7057236,12.4920576
Supermarkets,"REMA 1000 Roskilde, Søndre Ringvej",55.6304278,12.0816333
Supermarkets,365discount Hillerød,55.9301842,12.3056161
Supermarkets,365discount Birkerød,55.8398821,12.4303189
Supermarkets,365discount Tingbjerg,55.7183848,12.4826229
Supermarkets,365discount Sluseholmen,55.6459343,12.5487838
Supermarkets,"Lidl Kastrup, Kongelundsvej 479",55.5987867,12.5828814
Supermarkets,SuperBrugsen Dragør,55.5839064,12.6475927
Supermarkets,VESTEGNENSBAZAR BALLERUP,55.7293949,12.3500085
Supermarkets,Brugsen Ryesgade,55.6942468,12.5705815
Supermarkets,"Lidl - Slagelse, Nordre Ringgade",55.4134876,11.3522222
Supermarkets,365discount Nykøbing Mors,56.79311,8.8546445
Supermarkets,Near Fredericia,55.56572,9.7557723
Supermarkets,"REMA 1000 Ringsted, Køgevej",55.4427962,11.802877
Supermarkets,Kvickly Vejle,55.7054528,9.5316566
Supermarkets,Espe Supermarked,55.2014657,10.4163427
Supermarkets,Netto Skanderborg,56.0441047,9.9484521
Supermarkets,REMA 1000 Nykøbing Sjælland,55.9192845,11.6715143
Supermarkets,Brugsen Sørvad,56.2624792,8.652332
Supermarkets,Købmanden i Taarbæk,55.7869462,12.5945781
Supermarkets,"REMA 1000 Sorø, Holberg Arkaden",55.4326569,11.557177
Supermarkets,MENY Bagerafdeling,55.4409436,11.5674849
Supermarkets,REMA 1000 Gørlev,55.5354318,11.2232051
Supermarkets,NEAR Mullerup Havn,55.4937636,11.1769065
Supermarkets,SuperBrugsen Hørsholm Midtpunkt,55.8819897,12.4969996
Supermarkets,SuperBrugsen Hørsholm Midtpunkt Slagter,55.8820047,12.4970002
Supermarkets,Lidl Præstø,55.1129574,12.0588215
Supermarkets,føtex Food,55.6379125,12.5816256
Supermarkets,"Rema 1000 København Ø, Østbanegade",55.7059331,12.5900203
Supermarkets,Asia Supermarked,55.3824732,10.4284992
Supermarkets,Brugsen Gl Kongevej,55.6757802,12.543652
Supermarkets,Meny Blåvand,55.55535657222222,8.133541372222222
Supermarkets,inco,55.696654753846154,12.418649269230768
Supermarkets,SuperBrugsen Karlslunde Landsby,55.57157335454546,12.22688218181818
Supermarkets,Dagli'Brugsen Gadstrup,55.5683851,12.093278454545452
Supermarkets,SuperBrugsen Skanderborg,56.03344473571429,9.932694564285711
Supermarkets,Super Spar,57.0432802,9.966451116666668
Supermarkets,Meny Aarhus C,56.14309406,10.1865555
Supermarkets,SuperBrugsen Vejgård Bymidte,57.04142249,9.94871945
Supermarkets,SuperBrugsen Aalborg Færøgade,57.04154803529412,9.938543294117649
Supermarkets,MENY Struer,56.49146583846154,8.578625
Supermarkets,SuperBrugsen Skælskør,55.252916761538465,11.296166938461536
Supermarkets,SuperBrugsen Lystrup,56.23760317142857,10.233626871428571
Supermarkets,SuperBrugsen Tjæreborg,55.46293439583334,8.584435970833333
Supermarkets,Kvickly Tønder,54.939036656666666,8.854816851666667
Supermarkets,ABC-Lavpris,55.367305916666666,9.065423858333332
Supermarkets,SuperBrugsen Sønder Kongerslev,56.8857526,10.115822854545454
Supermarkets,Meny Skalborg,57.01480209487179,9.894638353846153
Supermarkets,Let-Køb Søndergårdens Købmand,55.583012422222225,12.635400577777776
Supermarkets,Strynø Købmand,54.903842128571426,10.612356214285716
Supermarkets,SuperBrugsen Vonsild,55.456727326666666,9.47514514
Supermarkets,coop365,55.51919925,9.459675
Supermarkets,SuperBrugsen Egtved,55.6188096,9.303705861111112
Supermarkets,Spar Nr. Bjert,55.512992,9.530479783333332
Supermarkets,SuperBrugsen Padborg,54.8260424,9.362675054166669
Supermarkets,Meny Hillerød,55.930805664285714,12.334602571428572
Supermarkets,SPAR Blistrup,56.0856974,12.213554018181815
Supermarkets,SuperBrugsen Havdrup,55.54415951923077,12.114946642307691
Supermarkets,Dagli'Brugsen Hou,57.05652596363636,10.371094545454543
Supermarkets,SuperBrugsen Odense Rødegårdsvej,55.39202736363636,10.407749218181818
Supermarkets,Meny Sorø,55.4410726,11.567332263636365
Supermarkets,Dagli'Brugsen Sabro,56.212151122222224,10.037641266666666
Supermarkets,Kwik Spar,55.863328257894736,9.91643905263158
Supermarkets,Min Købmand Bramming,55.46877151818182,8.710866863636364
Supermarkets,Spar Visse,56.99586780714286,9.929736714285712
Supermarkets,Rømø Supermarked,55.14548196,8.49355122
Supermarkets,SuperBrugsen Højby,55.909927315789474,11.600202826315789
Supermarkets,Rema 1000 Ejby Mølle,55.3984184,10.426391042857142
Supermarkets,Rema 1000 Kochsgade,55.4100269375,10.40900290625
Supermarkets,Holbøl Høker,54.89307682,9.44088744
Supermarkets,SuperBrugsen Ulsnæs-Centret,54.911702488888885,9.588994277777775
Supermarkets,Gerlev Købmandshandel,55.82105395172414,12.012976968965516
Supermarkets,Spar-Vadum,57.118062930769234,9.862040815384615
Supermarkets,SuperBrugsen Skævinge,55.90914407,12.14827216
Supermarkets,SuperBrugsen Hedensted,55.76862391111111,9.700938501851851
Supermarkets,SuperBrugsen Terndrup Center,56.8127316,10.058420485714285
Supermarkets,Mandø Brugs & Camping,55.27375954285714,8.53731202857143
Supermarkets,Meny Græsted,56.065292555,12.285713825
Supermarkets,Rema 1000 - Lind,56.10777308,8.97808524
Supermarkets,Rema 1000 Ishøj,55.60928765714286,12.358820614285714
Supermarkets,Rema 1000 Karup,56.30911695555555,9.165348611111112
Supermarkets,"Rema 1000 Ringsted, Jyllandsgade",55.442013357142855,11.787224035714283
Supermarkets,"Rema 1000, Stoholm",56.486099188888886,9.146990022222225
Supermarkets,Rema 1000 Thisted,56.9549857375,8.6866713
Supermarkets,SuperBrugsen Marstal,54.855905305,10.516829335
Supermarkets,SuperBrugsen Vig,55.8526534675,11.578363975
Supermarkets,MENY Herning,56.1325064,8.960291354545454
Supermarkets,SuperBrugsen Svebølle,55.653073142857146,11.279358185714283
Supermarkets,SuperBrugsen Slangerup,55.84371932307692,12.176174253846153
Supermarkets,SuperBrugsen Lynge Bytorv,55.83848834117647,12.278031788235294
Supermarkets,SuperBrugsen Kolt,56.1091568,10.0765751
Supermarkets,Meny Viby Sjælland,55.5486612625,12.0256061875
Supermarkets,Eurospar,55.51127205454546,11.290252678787878
Supermarkets,REMA 1000 Skibby,55.75810625555555,11.9587306
Supermarkets,Dagli'Brugsen Regstrup,55.67283875454546,11.618404772727272
Supermarkets,SuperBrugsen Løgumkloster,55.05860307333334,8.956641533333332
Supermarkets,SuperBrugsen Løkken,57.368736741666666,9.713204716666668
Supermarkets,Coop365 discount,55.40715302,10.34383896
Supermarkets,MENY Kibæk,56.0356329,8.851197954166667
Supermarkets,SuperBrugsen Haslev,55.328144433333335,11.956230333333332
Supermarkets,SuperBrugsen Karise,55.30380897037037,12.199064018518518
Supermarkets,SuperBrugsen Herfølge,55.41577612307692,12.14377423076923
Supermarkets,Meny Haderslev,55.2529564,9.48442098181818
Supermarkets,Meny Bogense,55.56432409166666,10.086244983333332
Supermarkets,"REMA 1000 Nykøbing Falster, Møllebakken",54.78104475714286,11.866131714285714
Supermarkets,SuperBrugsen Støvring,56.8936291826087,9.837623347826089
Supermarkets,Rema 1000 Resenbro,56.17622488333333,9.6264042
Supermarkets,365discount Stengårds Alle,55.76041502857142,12.483707885714283
Supermarkets,Rema 1000 Solbjerg,56.045071633333336,10.08224866
Supermarkets,Netto Idagårdsvej Slagelse,55.38964648571429,11.342077857142856
Supermarkets,Meny Randers SV,56.44617263333333,10.038036388888887
Supermarkets,Spar Minimarked,56.42065746363636,8.306847063636363
Supermarkets,Rema 1000 Viby Jylland,56.134673,10.173653475
Supermarkets,Rema 1000 Jyllinge Værebrovej,55.76308416,12.11699584
Supermarkets,Lidl Brande,55.93794475,9.1363433
Supermarkets,SuperBrugsen Ringsted,55.45080018125,11.78797605
Supermarkets,Coma,54.7086319,11.473011866666663
Supermarkets,SuperBrugsen Gistrup,56.99723469285714,9.995627964285712
Supermarkets,Vester Storkøb,55.62662604545454,8.123738154545455
Supermarkets,Vejers supermarked,55.618866677777774,8.140982744444445
Supermarkets,Meny Søhus,55.42793575555555,10.373715888888889
Supermarkets,Spar Lønstrup,57.47193269444445,9.797531555555556
Supermarkets,"Rema 1000 Haderslev, Erlev Bjerge",55.235481,9.4853891375
Supermarkets,Netto Vestergade Svendborg,55.06252782222222,10.595708444444444
Supermarkets,SuperBrugsen Kirke Hvalsø,55.591405911538466,11.861274496153849
Supermarkets,SuperBrugsen Videbæk,56.09206936923077,8.633261946153846
Supermarkets,SuperBrugsen Karlavej,55.420228557142856,10.355122428571429
Supermarkets,Den Gamle Købmandsgård,55.096743466666666,8.544034046666667
Supermarkets,Rema 1000 Rødekro,55.07170788571429,9.346282328571428
Supermarkets,Rema 1000 Jonstrup,55.759645885714285,12.340199085714284
Supermarkets,Letkøb Ørting Handelsplads,55.92993692,10.15527438
Supermarkets,SuperBrugsen Tøndervej,55.4878794,9.4658785
Supermarkets,Rema 1000 Ebeltoft,56.20107504,10.67845396
Supermarkets,SuperBrugsen Ryomgård,56.38146971052631,10.491972494736842
Supermarkets,Meny Tårnbyvej,55.633737255,12.609573065
Supermarkets,Let-køb,55.00864792307692,9.12461663076923
Supermarkets,SuperBrugsen Jelling,55.75595783684211,9.417177105263155
Supermarkets,Dagli'Brugsen Vig Lyng,55.85838677142857,11.526748442857144
Supermarkets,Odden Minimarked,56.58435608,8.28139484
Supermarkets,Min købmand Bylderup-Bov,54.9467967,9.100929486666669
Supermarkets,"Rema 1000 Thisted, Simons Bakke",56.94941172,8.66291976
Supermarkets,Spar Hoptrup,55.1774864,9.45406722
Supermarkets,"Rema 1000 Aarhus V, Runevej",56.176882042857144,10.135532571428572
Supermarkets,Meny Hesselager,55.17375883333334,10.742995614285714
Supermarkets,SuperBrugsen Auning,56.431840190909085,10.374431936363637
Supermarkets,365discount Hvide Sande,56.017548757142855,8.124199857142857
Supermarkets,Meny Nykøbing Falster Havnen,54.76739309166666,11.865037641666666
Supermarkets,Sindal Superland,57.46987976,10.19833622
Supermarkets,Meny Skanderborg,56.0444568625,9.948092175
Supermarkets,Rema 1000 Marielyst,54.69257437272727,11.961679418181818
Supermarkets,Lidl Aalborg Grønlands Torv,57.02342363846154,9.94308733846154
Supermarkets,Meny Præstø,55.12204862,12.038537166666666
Supermarkets,Netto Præstø,55.1223277,12.039798985714285
Supermarkets,SuperBrugsen Spentrup,56.536046715384614,10.04454906153846
Supermarkets,SuperBrugsen Sakskøbing,54.797762125,11.637957891666666
Supermarkets,Rema 1000 Rødby,54.6686152125,11.3641391625
Supermarkets,NETTO,56.47047104,9.38736114
Supermarkets,SuperBrugsen Brostykkevej,55.637249841666666,12.478839841666666
Supermarkets,Ordrup-Købmanden,55.82342666666666,11.40183225
Supermarkets,Rema 1000 Hvide Sande,56.015609633333334,8.126106983333333
Supermarkets,Spar Borup,55.49355177142857,11.973001792857142
Supermarkets,Min Købmand Hovborg,55.605080890909086,8.93993909090909
Supermarkets,A-Z,57.44420114,10.00366606
Supermarkets,Rema 1000 Lumsås,55.942440127272725,11.5089135
Supermarkets,REMA 1000 Vorup,56.45072423333334,10.042372155555556
Supermarkets,SPAR Skals,56.55584578387097,9.402528925806452
Supermarkets,Letkøb Hundslund Købmandsgård,55.91484472,10.0509898
Supermarkets,Skelhøje Købmandsgaard,56.35985427,9.29660636
Supermarkets,Rema 1000 Blovstrød,55.86426018,12.38537438
Supermarkets,Min Købmand Vejrup,55.52123780909091,8.785500854545454
Supermarkets,Hos Købmanden,55.9923115,9.93447158
Supermarkets,Dagli'Brugsen Lejre,55.60410685833334,11.973442316666668
Supermarkets,SuperBrugsen Hornslet,56.31443012608696,10.319130269565216
Supermarkets,Min Købmand Mesinge,55.50107458,10.648904046666663
Supermarkets,Harre købmand,56.71374124,8.92501116
Supermarkets,SuperBrugsen Kjellerup,56.288809475,9.4318114
Supermarkets,SuperBrugsen Nordhavnen,57.0563269,9.9229715
Supermarkets,SuperBrugsen Spjald,56.12717743333334,8.508696391666668
Supermarkets,Rema 1000 Allingåbro,56.46697546666666,10.318749077777776
Supermarkets,Dagli’Brugsen Thorsager,56.346351385714286,10.457245757142855
Supermarkets,Lidl Esbjerg V,55.494205211111115,8.410852555555556
Supermarkets,MENY Løkken Slagter,57.37256405555555,9.72678088888889
Supermarkets,Købmanden i Bjerregrav,56.581039838461535,9.49581873076923
Supermarkets,Rema1000,56.06030066666666,9.983558866666668
Supermarkets,Meny Fredericia,55.5697385,9.7418256375
Supermarkets,Rema 1000 Hundested,55.964081408333335,11.848558183333331
Supermarkets,Rema 1000 Esbønderup,56.05149187692307,12.342384292307692
Supermarkets,Lidl Væggerløse,54.70474143333334,11.9661553
Supermarkets,Rema 1000 Faxe,55.24948838181818,12.110919154545456
Supermarkets,REMA 1000 Auning,56.432373857142856,10.3680511
Supermarkets,Netto Tune,55.59686807142857,12.189399842857142
Supermarkets,Min Købmand Farstrup,56.982534745454544,9.462262663636364
Supermarkets,"REMA 1000 Nørresundby, Viaduktvej",57.07007329,9.90551797
Supermarkets,ALDI Vejen,55.47340938461539,9.136042107692308
Supermarkets,Netto Bygholm Bakker,55.876874916666665,9.810721983333332
Supermarkets,Netto Islevbrovej,55.705416,12.447988488888887
Supermarkets,Rema 1000 Give,55.854641518181815,9.244702372727271
Supermarkets,Dagli Brugsen Skuldelev,55.78434499,12.01513903
Supermarkets,Lidl Holstebro,56.364960922222224,8.687103666666667
Supermarkets,Lidl Kongelundsvej,55.63799797142857,12.589308185714284
Supermarkets,"Rema 1000 Middelfart, Odensevej",55.50219803636363,9.748829927272729
Supermarkets,Spar Hvidbjerg,56.64975588888889,8.5279555
Supermarkets,REMA1000,55.72785236666667,12.345416144444444
Supermarkets,Rema 1000 Ringe,55.24385483333334,10.476178944444444
Supermarkets,365discount Lunden,55.03336834666666,9.815087133333332
Supermarkets,365discount Silkeborg Spættevej,56.16871953,9.5668339
Supermarkets,Lidl Rødbyhavn,54.661436192857145,11.357859257142856
Supermarkets,365discount Solbjerg,56.0376486,10.08354366
